,id,retweet_count,favorite_count
0,892420643555336193,8226,37750
1,892177421306343426,6079,32434
2,891815181378084864,4023,24430
3,891689557279858688,8371,41088
4,891327558926688256,9082,39282
5,891087950875897856,3008,19757
6,890971913173991426,1991,11549
7,890729181411237888,18279,63690
8,890609185150312448,4137,27140
9,890240255349198849,7147,31134
10,890006608113172480,7102,29928
11,889880896479866881,4822,27133
12,889665388333682689,9729,46903
13,889638837579907072,4389,26463
14,889531135344209921,2181,14752
15,889278841981685760,5205,24626
16,888917238123831296,4364,28411
17,888804989199671297,4148,24938
18,888554962724278272,3428,19346
19,888078434458587136,3381,21226
20,887705289381826560,5219,29465
21,887517139158093824,11338,45129
22,887473957103951883,17604,67262
23,887343217045368832,10109,32843
24,887101392804085760,5779,29829
25,886983233522544640,7528,34268
26,886736880519319552,3169,11751
27,886680336477933568,4325,21888
28,886366144734445568,3102,20670
29,886267009285017600,4,116
30,886258384151887873,6108,27310
31,886054160059072513,104,0
32,885984800019947520,6560,31821
33,885528943205470208,6230,35082
34,885518971528720385,3639,19939
35,885311592912609280,17980,0
36,885167619883638784,4256,21371
37,884925521741709313,17699,75409
38,884876753390489601,5448,27230
39,884562892145688576,4547,23690
40,884441805382717440,5493,26347
41,884247878851493888,19898,71160
42,884162670584377345,2891,19855
43,883838122936631299,3342,21352
44,883482846933004288,9634,44777
45,883360690899218434,3596,22139
46,883117836046086144,6470,36252
47,882992080364220416,3807,23363
48,882762694511734784,4759,27610
49,882627270321602560,5911,27268
50,882268110199369728,11251,43847
51,882045870035918850,4810,28616
52,881906580714921986,3299,23733
53,881666595344535552,10369,49363
54,881633300179243008,7,124
55,881536004380872706,15502,48214
56,881268444196462592,5032,22555
57,880935762899988482,2705,16640
58,880872448815771648,3717,20750
59,880465832366813184,6101,27838
60,880221127280381952,4097,26361
61,880095782870896641,4217,26951
62,879862464715927552,3397,21810
63,879674319642796034,10,300
64,879492040517615616,3091,22871
65,879415818425184262,43038,103269
66,879376492567855104,3024,16394
67,879130579576475649,6623,0
68,879050749262655488,4577,22009
69,879008229531029506,2619,18534
70,878776093423087618,4011,18959
71,878604707211726852,7000,29527
72,878404777348136964,1252,0
73,878316110768087041,6471,0
74,878281511006478336,1252,7557
75,878057613040115712,6623,41048
76,877736472329191424,18576,77770
77,877611172832227328,78,0
78,877556246731214848,3700,22202
79,877316821321428993,5052,26754
80,877201837425926144,5435,26485
81,876838120628539392,3252,20214
82,876537666061221889,4522,23006
83,876484053909872640,2331,18331
84,876120275196170240,4563,27298
85,875747767867523072,4179,24624
86,875144289856114688,4818,21446
87,875097192612077568,5909,26792
88,875021211251597312,4608,24909
89,874680097055178752,4535,27214
90,874434818259525634,14367,0
91,874296783580663808,4015,25495
92,874057562936811520,3865,22212
93,874012996292530176,10170,33786
94,873580283840344065,3849,23700
95,873337748698140672,1551,0
96,873213775632977920,1551,7085
97,872967104147763200,5302,26763
98,872820683541237760,3622,14433
99,872620804844003328,3623,20364
100,872486979161796608,8850,39890
101,872122724285648897,7980,33732
102,871879754684805121,10950,37192
103,871762521631449091,3417,19887
104,871515927908634625,3400,19841
105,871166179821445120,5601,0
106,871102520638267392,5420,20576
107,871032628920680449,3760,22292
108,870804317367881728,6111,33059
109,870726314365509632,3,117
110,870656317836468226,2603,12206
111,870374049280663552,25876,81412
112,870308999962521604,4101,21500
113,870063196459192321,8233,36068
114,869772420881756160,9917,41789
115,869702957897576449,6272,27822
116,869596645499047938,3105,15758
117,869227993411051520,3754,20178
118,868880397819494401,14323,64715
119,868639477480148993,2075,0
120,868622495443632128,5250,26385
121,868552278524837888,2075,10000
122,867900495410671616,4146,23900
123,867774946302451713,7286,33577
124,867421006826221569,2483,15937
125,867072653475098625,120,0
126,867051520902168576,7815,31904
127,866720684873056260,4781,19869
128,866686824827068416,3459,19100
129,866450705531457537,35133,121066
130,866334964761202691,14367,52057
131,866094527597207552,8329,0
132,865718153858494464,5599,25428
133,865359393868664832,4986,26257
134,865006731092295680,7668,27793
135,864873206498414592,8692,32057
136,864279568663928832,3022,14531
137,864197398364647424,8916,29947
138,863907417377173506,4132,20487
139,863553081350529029,4178,15221
140,863471782782697472,2444,0
141,863432100342583297,5241,23690
142,863427515083354112,97,2245
143,863079547188785154,1106,8731
144,863062471531167744,2444,8482
145,862831371563274240,5109,19082
146,862722525377298433,3532,16996
147,862457590147678208,4975,20433
148,862096992088072192,23350,74151
149,861383897657036800,10746,36009
150,861288531465048066,4176,17147
151,861005113778896900,3817,16673
152,860981674716409858,2172,0
153,860924035999428608,824,0
154,860563773140209665,2172,7506
155,860524505164394496,5318,23589
156,860276583193509888,3499,18292
157,860184849394610176,5897,16677
158,860177593139703809,31125,0
159,859924526012018688,4112,19549
160,859851578198683649,3540,15414
161,859607811541651456,1587,18612
162,859196978902773760,30478,89930
163,859074603037188101,13751,33942
164,858860390427611136,8237,0
165,858843525470990336,3521,15579
166,858471635011153920,4897,21564
167,858107933456039936,2936,15773
168,857989990357356544,2615,16193
169,857746408056729600,10795,34402
170,857393404942143489,1667,5934
171,857263160327368704,4581,20109
172,857214891891077121,18,228
173,857062103051644929,174,0
174,857029823797047296,4074,19032
175,856602993587888130,10879,0
176,856543823941562368,2930,16367
177,856526610513747968,1920,11929
178,856330835276025856,689,0
179,856288084350160898,17,523
180,856282028240666624,6449,27937
181,855862651834028034,26,347
182,855860136149123072,1046,5064
183,855857698524602368,2155,11965
184,855851453814013952,18123,45899
185,855818117272018944,5560,26871
186,855459453768019968,8398,30203
187,855245323840757760,6121,0
188,855138241867124737,47,0
189,854732716440526848,6257,23096
190,854482394044301312,7054,29658
191,854365224396361728,4816,19134
192,854120357044912130,7692,32410
193,854010172552949760,3238,16440
194,853760880890318849,5957,29015
195,853639147608842240,10448,35362
196,853299958564483072,3682,15791
197,852936405516943360,2069,0
198,852912242202992640,1895,9219
199,852672615818899456,2231,15189
200,852553447878664193,3630,16658
201,852311364735569921,10219,33727
202,852226086759018497,7029,20388
203,852189679701164033,1640,11686
204,851953902622658560,9966,0
205,851861385021730816,23,0
206,851591660324737024,3591,16548
207,851464819735769094,7351,24792
208,851224888060895234,5937,21126
209,850753642995093505,9633,31666
210,850380195714523136,2723,13377
211,850333567704068097,348,3520
212,850145622816686080,3974,16725
213,850019790995546112,5088,20947
214,849776966551130114,7912,31215
215,849668094696017920,5150,0
216,849412302885593088,3273,16294
217,849336543269576704,1965,11709
218,849051919805034497,8870,43530
219,848690551926992896,4499,25875
220,848324959059550208,4795,25432
221,848213670039564288,777,8402
222,848212111729840128,3204,16771
223,847978865427394560,3399,0
224,847971574464610304,444,0
225,847962785489326080,5321,24182
226,847842811428974592,1395,5619
227,847617282490613760,441,7203
228,847606175596138505,3556,19333
229,847251039262605312,4485,21059
230,847157206088847362,6132,20524
231,847116187444137987,3344,22036
232,846874817362120707,4109,20672
233,846514051647705089,12154,45975
234,846505985330044928,3223,14539
235,846153765933735936,9516,32665
236,846139713627017216,10384,31857
237,846042936437604353,3035,16497
238,845812042753855489,9162,30201
239,845677943972139009,5018,25935
240,845397057150107648,1895,7886
241,845306882940190720,5664,24078
242,845098359547420673,8040,0
243,844979544864018432,2705,14065
244,844973813909606400,3380,15615
245,844704788403113984,10879,40002
246,844580511645339650,3302,17047
247,844223788422217728,2315,14087
248,843981021012017153,3082,15652
249,843856843873095681,4876,22165
250,843604394117681152,2897,17463
251,843235543001513987,6368,22247
252,842846295480000512,3798,15754
253,842765311967449089,1345,6987
254,842535590457499648,3702,18730
255,842163532590374912,6121,25331
256,842115215311396866,3201,14513
257,841833993020538882,16168,0
258,841680585030541313,8191,26580
259,841439858740625411,3889,13087
260,841320156043304961,5753,20494
261,841314665196081154,4963,16411
262,841077006473256960,5601,23730
263,840761248237133825,1855,0
264,840728873075638272,17079,0
265,840698636975636481,2,183
266,840696689258311684,1038,12745
267,840632337062862849,1855,9311
268,840370681858686976,4810,17083
269,840268004936019968,6069,20007
270,839990271299457024,2426,13932
271,839549326359670784,8237,28581
272,839290600511926273,150,0
273,839239871831150596,6925,28261
274,838952994649550848,4210,20376
275,838921590096166913,2194,11618
276,838916489579200512,36,0
277,838831947270979586,11710,0
278,838561493054533637,1402,11354
279,838476387338051585,5094,23481
280,838201503651401729,10694,0
281,838150277551247360,352,1749
282,838085839343206401,0,147
283,838083903487373313,3347,18326
284,837820167694528512,8329,35571
285,837482249356513284,466,3995
286,837471256429613056,2422,13302
287,837366284874571778,5632,22022
288,837110210464448512,2539,16676
289,836989968035819520,2442,13244
290,836753516572119041,4898,20044
291,836677758902222849,2364,13135
292,836648853927522308,579,0
293,836397794269200385,29417,0
294,836380477523124226,3154,15368
295,836260088725786625,4554,22153
296,836001077879255040,4558,19904
297,835685285446955009,8669,0
298,835574547218894849,3852,18559
299,835536468978302976,1814,0
300,835309094223372289,22358,0
301,835297930240217089,3195,17134
302,835264098648616962,1814,8060
303,835246439529840640,77,2184
304,835172783151792128,6107,27251
305,835152434251116546,3209,23423
306,834931633769889797,1756,11288
307,834786237630337024,5856,22117
308,834574053763584002,2696,14263
309,834477809192075265,11376,0
310,834458053273591808,1786,10034
311,834209720923721728,5095,21508
312,834167344700198914,3881,16450
313,834089966724603904,2262,10488
314,834086379323871233,2363,13639
315,833863086058651648,2555,13991
316,833826103416520705,3978,18796
317,833732339549220864,228,0
318,833722901757046785,3417,21648
319,833479644947025920,2194,15502
320,833124694597443584,5150,21087
321,832998151111966721,2362,13879
322,832769181346996225,40,0
323,832757312314028032,3863,17583
324,832682457690300417,3129,12407
325,832645525019123713,554,3047
326,832636094638288896,2969,16549
327,832397543355072512,2371,12470
328,832369877331693569,3399,17946
329,832273440279240704,2490,11820
330,832215909146226688,6611,0
331,832215726631055365,10009,0
332,832088576586297345,2,69
333,832040443403784192,10365,0
334,832032802820481025,4958,18643
335,831939777352105988,6551,25081
336,831926988323639298,35,357
337,831911600680497154,6966,28905
338,831670449226514432,1936,10934
339,831650051525054464,2069,7509
340,831552930092285952,2452,9401
341,831322785565769729,1638,9646
342,831315979191906304,1192,6836
343,831309418084069378,2617,12271
344,831262627380748289,2192,12452
345,830956169170665475,1595,8335
346,830583320585068544,17980,69987
347,830173239259324417,6097,0
348,830097400375152640,3205,10285
349,829878982036299777,5377,0
350,829861396166877184,2095,12808
351,829501995190984704,11376,33237
352,829449946868879360,2166,10954
353,829374341691346946,9966,36251
354,829141528400556032,7941,25651
355,829011960981237760,17383,55518
356,828801551087042563,3639,0
357,828770345708580865,6287,26771
358,828708714936930305,12037,38350
359,828650029636317184,1444,9952
360,828409743546925057,1233,6608
361,828408677031882754,1380,8029
362,828381636999917570,2385,13241
363,828376505180889089,1144,7729
364,828372645993398273,3167,13152
365,828361771580813312,182,2301
366,828046555563323392,3068,12336
367,828011680017821696,2305,10859
368,827933404142436356,5602,21109
369,827653905312006145,3222,16170
370,827600520311402496,1018,7766
371,827324948884643840,3285,16652
372,827199976799354881,2406,11090
373,826958653328592898,5377,22654
374,826848821049180160,10975,38282
375,826615380357632002,4244,0
376,826598799820865537,270,5374
377,826598365270007810,2519,10580
378,826476773533745153,4510,19350
379,826240494070030336,2779,13937
380,826204788643753985,1000,5130
381,826115272272650244,3374,16442
382,825876512159186944,2011,10995
383,825829644528148480,2676,13381
384,825535076884762624,18485,54749
385,825147591692263424,4919,19237
386,825120256414846976,1371,0
387,825026590719483904,1371,6674
388,824796380199809024,5911,0
389,824775126675836928,3784,15745
390,824663926340194305,1864,10601
391,824325613288833024,11185,12411
392,824297048279236611,4164,15854
393,824025158776213504,634,5018
394,823939628516474880,2912,11196
395,823719002937630720,12073,0
396,823699002998870016,2598,13254
397,823581115634085888,2849,13720
398,823333489516937216,27,734
399,823322678127919110,4328,16565
400,823269594223824897,10607,0
401,822975315408461824,3707,18212
402,822872901745569793,47249,139327
403,822859134160621569,2464,13940
404,822647212903690241,6901,0
405,822610361945911296,3195,15569
406,822489057087389700,6901,19136
407,822462944365645825,15773,29969
408,822244816520155136,10607,36911
409,822163064745328640,5180,0
410,821886076407029760,2522,11957
411,821813639212650496,3607,0
412,821765923262631936,1793,8871
413,821522889702862852,1914,8463
414,821421320206483457,6040,0
415,821407182352777218,4687,12422
416,821153421864615936,10,267
417,821149554670182400,2176,9184
418,821107785811234820,2300,10120
419,821044531881721856,2474,13358
420,820837357901512704,7239,0
421,820749716845686786,10694,33269
422,820690176645140481,3475,12875
423,820494788566847489,610,0
424,820446719150292993,2788,0
425,820314633777061888,610,3519
426,820078625395449857,6787,20913
427,820013781606658049,1278,0
428,819952236453363712,1278,5615
429,819924195358416896,5223,13582
430,819711362133872643,3380,14206
431,819588359383371776,2129,10117
432,819347104292290561,1303,7625
433,819238181065359361,437,2415
434,819227688460238848,7239,24352
435,819015337530290176,39752,0
436,819015331746349057,20484,0
437,819006400881917954,20484,47714
438,819004803107983360,39752,91522
439,818646164899774465,22561,0
440,818627210458333184,8070,23450
441,818614493328580609,2789,10416
442,818588835076603904,6648,0
443,818536468981415936,2680,11527
444,818307523543449600,8792,0
445,818259473185828864,2473,11644
446,818145370475810820,2808,12983
447,817908911860748288,853,5126
448,817827839487737858,29417,54718
449,817777686764523521,2899,11315
450,817536400337801217,3286,12478
451,817502432452313088,3673,0
452,817423860136083457,16168,36084
453,817415592588222464,1043,5927
454,817181837579653120,9185,0
455,817171292965273600,2179,9235
456,817120970343411712,2836,12882
457,817056546584727552,1785,9066
458,816829038950027264,5103,0
459,816816676327063552,2195,10590
460,816697700272001025,2387,10369
461,816450570814898180,8792,32311
462,816336735214911488,2117,9094
463,816091915477250048,2341,9462
464,816062466425819140,1128,0
465,816014286006976512,5749,0
466,815990720817401858,1128,5286
467,815966073409433600,9185,23723
468,815745968457060357,4481,0
469,815736392542261248,2464,10422
470,815639385530101762,1779,8699
471,815390420867969024,4124,10967
472,814986499976527872,1391,8094
473,814638523311648768,2940,11919
474,814578408554463233,6283,0
475,814530161257443328,2016,9163
476,814153002265309185,9412,30478
477,813944609378369540,3460,0
478,813910438903693312,2034,9847
479,813812741911748608,15199,38537
480,813800681631023104,1904,8840
481,813217897535406080,7926,19771
482,813202720496779264,1954,9738
483,813187593374461952,4731,21017
484,813172488309972993,2075,9878
485,813157409116065792,2407,8230
486,813142292504645637,2556,8945
487,813130366689148928,481,4736
488,813127251579564032,3395,12570
489,813112105746448384,2986,10954
490,813096984823349248,3904,11175
491,813081950185472002,3004,10477
492,813066809284972545,2104,8447
493,813051746834595840,7960,22207
494,812781120811126785,2076,8059
495,812709060537683968,1547,7026
496,812503143955202048,1324,6440
497,812466873996607488,2096,8465
498,812372279581671427,3985,14510
499,811985624773361665,1525,7698
500,811744202451197953,1738,7997
501,811647686436880384,804,5926
502,811627233043480576,3386,13552
503,811386762094317568,6935,22173
504,810984652412424192,1557,5649
505,810896069567610880,1944,9607
506,810657578271330305,2874,11648
507,810284430598270976,12377,37556
508,810254108431155201,3639,15567
509,809920764300447744,4244,16437
510,809808892968534016,5316,0
511,809448704142938112,1594,7353
512,809220051211603969,6097,21148
513,809084759137812480,3810,14035
514,808838249661788160,3308,10731
515,808733504066486276,2356,8399
516,808501579447930884,2821,11969
517,808344865868283904,22561,45112
518,808134635716833280,6460,0
519,808106460588765185,2386,9289
520,808001312164028416,3844,13341
521,807621403335917568,3992,15464
522,807106840509214720,60438,126013
523,807059379405148160,7959,0
524,807010152071229440,4166,13850
525,806629075125202948,37843,79708
526,806620845233815552,6008,0
527,806576416489959424,2090,5159
528,806542213899489280,2566,10838
529,806242860592926720,12681,0
530,806219024703037440,1293,6825
531,805958939288408065,5852,0
532,805932879469572096,2078,8790
533,805826884734976000,1992,6998
534,805823200554876929,8747,0
535,805520635690676224,1791,6102
536,805487436403003392,2753,9319
537,805207613751304193,1853,8290
538,804738756058218496,4181,14571
539,804475857670639616,2185,6518
540,804413760345620481,3507,0
541,804026241225523202,17655,47368
542,803773340896923648,3010,10678
543,803692223237865472,8080,0
544,803638050916102144,4492,11665
545,803380650405482500,2016,8244
546,803321560782307329,5765,0
547,803276597545603072,2677,10653
548,802952499103731712,2186,9601
549,802624713319034886,3177,0
550,802600418706604034,1601,7560
551,802572683846291456,2716,9499
552,802323869084381190,6344,17247
553,802265048156610565,1486,7020
554,802239329049477120,2840,9641
555,802185808107208704,289,0
556,801958328846974976,1859,8192
557,801854953262350336,255,1873
558,801538201127157760,2231,8721
559,801285448605831168,905,6434
560,801167903437357056,6460,26054
561,801127390143516673,4300,0
562,801115127852503040,2271,8592
563,800859414831898624,104,734
564,800855607700029440,1774,0
565,800751577355128832,3017,11167
566,800513324630806528,3278,13972
567,800459316964663297,2346,10063
568,800443802682937345,4686,0
569,800388270626521089,3056,11849
570,800188575492947969,4297,0
571,800141422401830912,2788,16286
572,800018252395122689,14320,30189
573,799774291445383169,5088,0
574,799757965289017345,2353,8935
575,799422933579902976,2082,8555
576,799308762079035393,6001,0
577,799297110730567681,3011,10529
578,799063482566066176,2681,8583
579,798933969379225600,4866,13972
580,798925684722855936,1553,7912
581,798705661114773508,7176,0
582,798701998996647937,8477,0
583,798697898615730177,7073,0
584,798694562394996736,5396,0
585,798686750113755136,2521,0
586,798682547630837760,5133,0
587,798673117451325440,6029,0
588,798665375516884993,4241,0
589,798644042770751489,2015,0
590,798628517273620480,2141,0
591,798585098161549313,6212,0
592,798576900688019456,6362,0
593,798340744599797760,3651,0
594,798209839306514432,2777,11034
595,797971864723324932,3419,12385
596,797545162159308800,5278,15435
597,797236660651966464,7226,21247
598,797165961484890113,29,245
599,796904159865868288,9670,0
600,796865951799083009,2071,8153
601,796759840936919040,3321,12610
602,796563435802726400,7946,0
603,796484825502875648,1920,8054
604,796387464403357696,4529,11698
605,796177847564038144,15582,0
606,796149749086875649,15582,34362
607,796125600683540480,1947,5263
608,796116448414461957,2633,9683
609,796080075804475393,2522,9005
610,796031486298386433,4008,11515
611,795464331001561088,25920,52935
612,795400264262053889,3122,10726
613,795076730285391872,5911,17264
614,794983741416415232,3670,0
615,794926597468000259,2508,10933
616,794355576146903043,11201,0
617,794332329137291264,2890,10199
618,794205286408003585,3604,9801
619,793962221541933056,5316,17896
620,793845145112371200,2038,9797
621,793614319594401792,3398,0
622,793601777308463104,1773,8481
623,793500921481273345,2586,11374
624,793286476301799424,10009,26151
625,793271401113350145,2583,9206
626,793256262322548741,9079,21251
627,793241302385262592,3562,11188
628,793226087023144960,3111,10458
629,793210959003287553,3055,9493
630,793195938047070209,6129,16250
631,793180763617361921,2168,7375
632,793165685325201412,3024,10012
633,793150605191548928,1851,6565
634,793135492858580992,2713,6872
635,793120401413079041,4250,13494
636,792913359805018113,4369,15242
637,792883833364439040,4652,12026
638,792773781206999040,1825,7806
639,792394556390137856,4670,14305
640,792050063153438720,1967,7629
641,791821351946420224,22865,0
642,791784077045166082,10465,0
643,791780927877898241,4146,0
644,791774931465953280,24169,47998
645,791672322847637504,3398,12494
646,791406955684368384,4481,13943
647,791312159183634433,2763,9348
648,791026214425268224,4467,0
649,790987426131050500,2324,10515
650,790946055508652032,5103,17681
651,790723298204217344,2514,0
652,790698755171364864,2078,8716
653,790581949425475584,7818,21981
654,790337589677002753,2025,8313
655,790277117346975746,3460,13355
656,790227638568808452,3885,0
657,789986466051088384,2514,9826
658,789960241177853952,4494,0
659,789903600034189313,4488,11039
660,789628658055020548,1936,7985
661,789599242079838210,2105,7189
662,789530877013393408,3670,12507
663,789314372632018944,2509,9167
664,789280767834746880,5373,0
665,789268448748703744,2812,9696
666,789137962068021249,3043,10321
667,788908386943430656,13468,29129
668,788765914992902144,11201,29137
669,788552643979468800,7829,0
670,788412144018661376,5754,16554
671,788178268662984705,2301,7680
672,788150585577050112,1416,6534
673,788070120937619456,3723,0
674,788039637453406209,1437,6536
675,787810552592695296,3322,9205
676,787717603741622272,3025,10861
677,787397959788929025,3079,11536
678,787322443945877504,1901,8272
679,787111942498508800,7309,0
680,786963064373534720,8669,28234
681,786729988674449408,2611,0
682,786709082849828864,6611,19309
683,786664955043049472,2776,11311
684,786595970293370880,3362,9992
685,786363235746385920,3796,11563
686,786286427768250368,3104,8445
687,786233965241827333,5180,16242
688,786051337297522688,168,1526
689,786036967502913536,7658,0
690,785927819176054784,3436,12054
691,785872687017132033,1978,7085
692,785639753186217984,2405,8294
693,785533386513321988,2173,9660
694,785515384317313025,1362,6474
695,785264754247995392,1766,7706
696,785170936622350336,5266,12816
697,784826020293709826,3507,10756
698,784517518371221505,2749,9511
699,784431430411685888,1390,6037
700,784183165795655680,8747,21323
701,784057939640352768,12073,31674
702,783839966405230592,11710,31847
703,783821107061198850,2118,7796
704,783695101801398276,3497,11082
705,783466772167098368,2438,8954
706,783391753726550016,5961,17874
707,783347506784731136,6059,0
708,783334639985389568,12681,30955
709,783085703974514689,2403,8622
710,782969140009107456,7959,25559
711,782747134529531904,1509,7913
712,782722598790725632,5852,18315
713,782598640137187329,2027,8250
714,782305867769217024,6040,17648
715,782021823840026624,6747,0
716,781955203444699136,3643,11779
717,781661882474196992,2936,11056
718,781655249211752448,1212,4232
719,781524693396357120,6008,21987
720,781308096455073793,2754,7539
721,781251288990355457,2268,8936
722,781163403222056960,2960,10355
723,780931614150983680,7946,22929
724,780858289093574656,2167,7629
725,780800785462489090,1406,5823
726,780601303617732608,3607,12810
727,780543529827336192,1868,6667
728,780496263422808064,4007,0
729,780476555013349377,126,0
730,780459368902959104,1156,5602
731,780192070812196864,2414,9219
732,780092040432480260,2491,0
733,780074436359819264,5397,12955
734,779834332596887552,7658,20058
735,779377524342161408,3364,9345
736,779124354206535695,19910,0
737,779123168116150273,3947,12491
738,779056095788752897,4887,15658
739,778990705243029504,7846,21158
740,778774459159379968,10771,0
741,778764940568104960,397,909
742,778748913645780993,1434,7295
743,778650543019483137,1617,6094
744,778624900596654080,1090,4916
745,778408200802557953,4698,14440
746,778396591732486144,13229,0
747,778383385161035776,1199,6188
748,778286810187399168,3563,10986
749,778039087836069888,2839,8955
750,778027034220126208,1752,6925
751,777953400541634568,3807,0
752,777885040357281792,1776,6733
753,777684233540206592,3177,11870
754,777641927919427584,4587,0
755,777621514455814149,2687,9270
756,777189768882946048,4666,15146
757,776819012571455488,14861,0
758,776813020089548800,1308,5162
759,776477788987613185,3009,9340
760,776249906839351296,9862,0
761,776218204058357768,17233,31677
762,776201521193218049,2716,10145
763,776113305656188928,4686,12413
764,776088319444877312,164,1931
765,775898661951791106,17736,0
766,775842724423557120,2884,12374
767,775733305207554048,4300,14623
768,775729183532220416,4920,13638
769,775364825476165632,3203,7850
770,775350846108426240,4199,10728
771,775085132600442880,5088,16415
772,774757898236878852,1907,9028
773,774639387460112384,1859,7097
774,774314403806253056,6001,23002
775,773985732834758656,4172,11334
776,773922284943896577,1867,6752
777,773704687002451968,1745,6970
778,773670353721753600,1395,5613
779,773547596996571136,6648,23326
780,773336787167145985,5481,0
781,773308824254029826,8040,24530
782,773247561583001600,3465,9942
783,773191612633579521,4425,10535
784,772877495989305348,4164,9053
785,772826264096874500,2518,8446
786,772615324260794368,3626,0
787,772581559778025472,1816,6844
788,772193107915964416,1492,6354
789,772152991789019136,1202,3992
790,772117678702071809,792,3962
791,772114945936949249,506,2867
792,772102971039580160,997,4223
793,771908950375665664,2042,6935
794,771770456517009408,3651,12655
795,771500966810099713,2820,8724
796,771380798096281600,5481,11084
797,771171053431250945,8127,0
798,771136648247640064,3152,9667
799,771102124360998913,1548,6576
800,771014301343748096,1776,7234
801,771004394259247104,234,0
802,770787852854652928,1304,5212
803,770772759874076672,1517,5468
804,770655142660169732,1873,7725
805,770414278348247044,2223,6625
806,770293558247038976,1600,6567
807,770093767776997377,3266,0
808,770069151037685760,2473,7979
809,769940425801170949,10365,33087
810,769695466921623552,1777,6728
811,769335591808995329,8257,0
812,769212283578875904,1838,5692
813,768970937022709760,7023,15177
814,768909767477751808,2889,0
815,768855141948723200,954,4419
816,768609597686943744,1295,4335
817,768596291618299904,1373,5284
818,768554158521745409,6258,0
819,768473857036525572,3682,14345
820,768193404517830656,3807,11487
821,767884188863397888,1503,5005
822,767754930266464257,5765,16865
823,767500508068192258,2505,7871
824,767191397493538821,4078,12908
825,767122157629476866,3056,10652
826,766864461642756096,6054,0
827,766793450729734144,1456,5343
828,766714921925144576,416,2745
829,766693177336135680,847,4241
830,766423258543644672,1707,6337
831,766313316352462849,2023,7141
832,766078092750233600,2789,0
833,766069199026450432,920,4483
834,766008592277377025,529,3943
835,765719909049503744,2302,7614
836,765669560888528897,1307,5469
837,765395769549590528,3645,27833
838,765371061932261376,2319,7453
839,765222098633691136,3626,12218
840,764857477905154048,1900,6765
841,764259802650378240,1624,6358
842,763956972077010945,58,784
843,763837565564780549,4467,13265
844,763183847194451968,1577,5672
845,763167063695355904,3241,0
846,763103485927849985,2450,7731
847,762699858130116608,3885,12795
848,762471784394268675,6934,11853
849,762464539388485633,4494,10839
850,762316489655476224,1207,5057
851,762035686371364864,16740,33603
852,761976711479193600,2161,5676
853,761750502866649088,4219,0
854,761745352076779520,920,4465
855,761672994376806400,31125,52097
856,761599872357261312,1260,4341
857,761371037149827077,19258,0
858,761334018830917632,1552,5459
859,761292947749015552,1175,4688
860,761227390836215808,1668,5582
861,761004547850530816,3723,11898
862,760893934457552897,1040,4017
863,760656994973933572,2064,6949
864,760641137271070720,1383,5210
865,760539183865880579,3891,7950
866,760521673607086080,1495,4440
867,760290219849637889,12300,28189
868,760252756032651264,927,4139
869,760190180481531904,1937,5987
870,760153949710192640,33,0
871,759943073749200896,2238,6228
872,759923798737051648,6054,15406
873,759846353224826880,2124,7049
874,759793422261743616,2034,6257
875,759566828574212096,22620,0
876,759557299618865152,1255,4922
877,759447681597108224,2611,8914
878,759446261539934208,519,1759
879,759197388317847553,2085,6356
880,759159934323924993,1242,0
881,759099523532779520,4465,15246
882,759047813560868866,2168,6826
883,758854675097526272,958,3726
884,758828659922702336,4092,11716
885,758740312047005698,1721,6008
886,758474966123810816,1063,4012
887,758467244762497024,2377,5033
888,758405701903519748,2066,5457
889,758355060040593408,1157,3597
890,758099635764359168,10771,20138
891,758041019896193024,401,2840
892,757741869644341248,3480,7222
893,757729163776290825,8676,0
894,757725642876129280,1302,4752
895,757611664640446465,1194,4791
896,757597904299253760,313,0
897,757596066325864448,1132,4558
898,757400162377592832,7320,15859
899,757393109802180609,1867,6110
900,757354760399941633,1523,4734
901,756998049151549440,2126,6579
902,756939218950160384,2150,6973
903,756651752796094464,1398,5305
904,756526248105566208,3861,10897
905,756303284449767430,1161,4134
906,756288534030475264,18659,44912
907,756275833623502848,1622,6723
908,755955933503782912,3093,7688
909,755206590534418437,5761,17263
910,755110668769038337,11842,22253
911,754874841593970688,8561,0
912,754856583969079297,2695,7205
913,754747087846248448,555,2700
914,754482103782404096,2085,5553
915,754449512966619136,780,3922
916,754120377874386944,2492,8220
917,753655901052166144,2320,6131
918,753420520834629632,3814,8309
919,753398408988139520,2051,6041
920,753375668877008896,2491,8002
921,753298634498793472,6150,0
922,753294487569522689,1116,3551
923,753039830821511168,22358,38913
924,753026973505581056,1042,4085
925,752932432744185856,7309,13230
926,752917284578922496,1682,7229
927,752701944171524096,3091,0
928,752682090207055872,1716,6265
929,752660715232722944,1679,4613
930,752568224206688256,2440,5787
931,752519690950500352,3682,7716
932,752334515931054080,1178,4001
933,752309394570878976,17846,0
934,752173152931807232,1967,6231
935,751950017322246144,993,3219
936,751937170840121344,1438,5453
937,751830394383790080,2086,6066
938,751793661361422336,3103,6137
939,751598357617971201,3246,8265
940,751583847268179968,1184,4602
941,751538714308972544,1350,5271
942,751456908746354688,1070,3358
943,751251247299190784,6267,13073
944,751205363882532864,1955,6591
945,751132876104687617,1388,5304
946,750868782890057730,1474,5004
947,750719632563142656,5373,13811
948,750506206503038976,1223,4646
949,750429297815552001,4587,13790
950,750383411068534784,1216,4764
951,750381685133418496,30,726
952,750147208377409536,1025,3250
953,750132105863102464,1362,3805
954,750117059602808832,1383,4529
955,750101899009982464,899,3176
956,750086836815486976,576,2273
957,750071704093859840,3566,8216
958,750056684286914561,955,3289
959,750041628174217216,657,3315
960,750026558547456000,838,2832
961,750011400160841729,967,3394
962,749996283729883136,862,3180
963,749981277374128128,2610,5340
964,749774190421639168,1400,4868
965,749417653287129088,1769,6370
966,749403093750648834,578,2744
967,749395845976588288,3686,8983
968,749317047558017024,2355,5727
969,749075273010798592,2206,6013
970,749064354620928000,1614,4995
971,749036806121881602,833,3246
972,748977405889503236,3623,11212
973,748932637671223296,2406,6099
974,748705597323898880,1008,2888
975,748699167502000129,1698,4940
976,748692773788876800,1410,4426
977,748575535303884801,2105,6334
978,748568946752774144,711,2285
979,748346686624440324,1318,5454
980,748337862848962560,4382,8010
981,748324050481647620,815,3862
982,748307329658011649,756,3832
983,748220828303695873,8289,14759
984,747963614829678593,2274,6031
985,747933425676525569,2711,6909
986,747885874273214464,1046,3073
987,747844099428986880,795,2933
988,747816857231626240,1233,5050
989,747651430853525504,164,1441
990,747648653817413632,6208,13466
991,747600769478692864,583,2422
992,747594051852075008,1116,3848
993,747512671126323200,1685,5772
994,747461612269887489,1092,4029
995,747439450712596480,2045,5655
996,747242308580548608,3053,0
997,747219827526344708,1676,5515
998,747204161125646336,975,3523
999,747103485104099331,4234,9983
1000,746906459439529985,313,3005
1001,746872823977771008,2280,6252
1002,746818907684614144,1829,5533
1003,746790600704425984,1688,5077
1004,746757706116112384,4146,9979
1005,746726898085036033,1901,6286
1006,746542875601690625,1984,5248
1007,746521445350707200,1041,0
1008,746507379341139972,1147,4834
1009,746369468511756288,1742,6429
1010,746131877086527488,2338,7191
1011,746056683365994496,862,3690
1012,745789745784041472,1130,4191
1013,745712589599014916,2463,7272
1014,745433870967832576,2691,7388
1015,745422732645535745,2571,8942
1016,745314880350101504,2943,7478
1017,745074613265149952,3738,8149
1018,745057283344719872,2411,7527
1019,744995568523612160,658,3093
1020,744971049620602880,2857,8200
1021,744709971296780288,1648,5822
1022,744334592493166593,2257,7042
1023,744234799360020481,82894,162992
1024,744223424764059648,392,1752
1025,743980027717509120,1152,4325
1026,743895849529389061,1013,3784
1027,743835915802583040,2203,0
1028,743609206067040256,1456,4656
1029,743595368194129920,6954,19180
1030,743545585370791937,987,3664
1031,743510151680958465,3922,8231
1032,743253157753532416,1290,4402
1033,743222593470234624,2010,6445
1034,743210557239623680,1444,3998
1035,742534281772302336,3757,7337
1036,742528092657332225,2112,4606
1037,742465774154047488,4120,7553
1038,742423170473463808,4007,10223
1039,742385895052087300,2098,7072
1040,742161199639494656,1457,4511
1041,742150209887731712,1645,5338
1042,741793263812808706,1592,4738
1043,741743634094141440,2919,8503
1044,741438259667034112,878,3815
1045,741303864243200000,3409,9123
1046,741099773336379392,5868,10419
1047,741067306818797568,3266,9830
1048,740995100998766593,2930,6640
1049,740711788199743490,988,3540
1050,740699697422163968,824,2953
1051,740676976021798912,7176,18870
1052,740373189193256964,14060,36177
1053,740365076218183684,455,2571
1054,740359016048689152,903,3428
1055,740214038584557568,2076,6945
1056,739979191639244800,6258,20760
1057,739932936087216128,1137,4208
1058,739844404073074688,902,3943
1059,739623569819336705,1439,3948
1060,739606147276148736,1750,5583
1061,739544079319588864,22620,41210
1062,739485634323156992,3102,7464
1063,739238157791694849,61380,120427
1064,738891149612572673,6,112
1065,738885046782832640,1205,3916
1066,738883359779196928,855,3457
1067,738537504001953792,1640,5293
1068,738402415918125056,885,3377
1069,738184450748633089,1273,4477
1070,738166403467907072,3592,9137
1071,738156290900254721,690,2621
1072,737826014890496000,1856,5479
1073,737800304142471168,3652,10376
1074,737678689543020544,1403,5230
1075,737445876994609152,4709,10676
1076,737322739594330112,854,3747
1077,737310737551491075,7841,15255
1078,736736130620620800,1833,4467
1079,736392552031657984,7829,18424
1080,736365877722001409,1319,4132
1081,736225175608430592,2923,8439
1082,736010884653420544,3140,8186
1083,735991953473572864,1216,3733
1084,735648611367784448,1161,4153
1085,735635087207878657,2473,6411
1086,735274964362878976,5356,13507
1087,735256018284875776,936,3465
1088,735137028879360001,1024,3239
1089,734912297295085568,546,2843
1090,734787690684657664,6649,13032
1091,734776360183431168,571,2607
1092,734559631394082816,418,1548
1093,733828123016450049,821,3717
1094,733822306246479872,1064,3795
1095,733482008106668032,994,3264
1096,733460102733135873,1345,4357
1097,733109485275860992,17736,51080
1098,732732193018155009,561,2527
1099,732726085725589504,928,3662
1100,732585889486888962,815,3812
1101,732375214819057664,2658,8390
1102,732005617171337216,5749,15480
1103,731285275100512256,1033,3619
1104,731156023742988288,1342,3974
1105,730924654643314689,2086,6356
1106,730573383004487680,2265,5088
1107,730427201120833536,1102,3592
1108,730211855403241472,1112,3968
1109,730196704625098752,2027,5047
1110,729854734790754305,1186,4187
1111,729838605770891264,406,1767
1112,729823566028484608,1305,4137
1113,729463711119904772,2439,6015
1114,729113531270991872,345,1956
1115,728986383096946689,861,3270
1116,728760639972315136,1795,4845
1117,728751179681943552,711,2872
1118,728653952833728512,1088,3424
1119,728409960103686147,2108,5084
1120,728387165835677696,1009,3802
1121,728046963732717569,1240,4462
1122,728035342121635841,1755,4717
1123,728015554473250816,1158,4247
1124,727685679342333952,666,3042
1125,727644517743104000,1836,6109
1126,727524757080539137,1283,4635
1127,727314416056803329,788,3455
1128,727286334147182592,859,3148
1129,727175381690781696,1450,4025
1130,727155742655025152,1399,3773
1131,726935089318363137,2580,7134
1132,726887082820554753,1586,3970
1133,726828223124897792,1050,3680
1134,726224900189511680,1205,4570
1135,725842289046749185,2789,7297
1136,725786712245440512,1431,4312
1137,725729321944506368,1878,5372
1138,725458796924002305,654,1457
1139,724983749226668032,1369,3842
1140,724771698126512129,675,2457
1141,724405726123311104,1728,5484
1142,724049859469295616,1861,4473
1143,724046343203856385,591,2749
1144,724004602748780546,1651,4335
1145,723912936180330496,1291,4031
1146,723688335806480385,3130,7961
1147,723673163800948736,939,3130
1148,723179728551723008,1973,5469
1149,722974582966214656,1648,4246
1150,722613351520608256,1721,5135
1151,721503162398597120,1973,4818
1152,721001180231503872,646,2616
1153,720785406564900865,805,3224
1154,720775346191278080,712,2570
1155,720415127506415616,1578,4284
1156,720389942216527872,2643,6618
1157,720340705894408192,1029,2967
1158,720059472081784833,1179,4027
1159,720043174954147842,2108,5082
1160,719991154352222208,1833,5002
1161,719704490224398336,1521,4711
1162,719551379208073216,2029,5234
1163,719367763014393856,779,2889
1164,719339463458033665,1314,4560
1165,719332531645071360,1003,3537
1166,718971898235854848,1151,3610
1167,718939241951195136,1852,5416
1168,718631497683582976,8477,19532
1169,718613305783398402,505,2519
1170,718540630683709445,1067,2560
1171,718460005985447936,551,2792
1172,718454725339934721,1587,5036
1173,718246886998687744,524,1997
1174,718234618122661888,1058,4008
1175,717841801130979328,622,2537
1176,717790033953034240,1185,2985
1177,717537687239008257,1933,5950
1178,717428917016076293,474,1661
1179,717421804990701568,881,3260
1180,717047459982213120,2012,6486
1181,717009362452090881,1023,3385
1182,716802964044845056,1241,4438
1183,716791146589110272,1509,6204
1184,716730379797970944,451,1277
1185,716447146686459905,6205,13532
1186,716439118184652801,221,2445
1187,716285507865542656,1138,2881
1188,716080869887381504,2016,6963
1189,715928423106027520,919,3295
1190,715758151270801409,1501,3858
1191,715733265223708672,1772,4835
1192,715704790270025728,595,2891
1193,715696743237730304,1353,4039
1194,715680795826982913,1704,4480
1195,715360349751484417,1654,5664
1196,715342466308784130,719,3140
1197,715220193576927233,687,2504
1198,715200624753819648,1983,5303
1199,715009755312439296,1297,4313
1200,714982300363173890,1083,3886
1201,714962719905021952,4492,7622
1202,714957620017307648,1489,4277
1203,714631576617938945,1056,3382
1204,714606013974974464,971,3756
1205,714485234495041536,1221,2807
1206,714258258790387713,753,3136
1207,714251586676113411,880,3386
1208,714214115368108032,922,2354
1209,714141408463036416,1478,4468
1210,713919462244790272,815,3396
1211,713909862279876608,569,1984
1212,713900603437621249,775,2942
1213,713761197720473600,1447,5057
1214,713411074226274305,1361,4575
1215,713177543487135744,2969,7464
1216,713175907180089344,1531,4614
1217,712809025985978368,7073,19228
1218,712717840512598017,5259,12802
1219,712668654853337088,1278,4308
1220,712438159032893441,1646,5515
1221,712309440758808576,25,252
1222,712097430750289920,1091,3932
1223,712092745624633345,941,3048
1224,712085617388212225,509,3369
1225,712065007010385924,660,2347
1226,711998809858043904,131,0
1227,711968124745228288,2437,8359
1228,711743778164514816,1034,2946
1229,711732680602345472,4343,9211
1230,711694788429553666,19258,34041
1231,711652651650457602,966,4010
1232,711363825979756544,1190,3800
1233,711306686208872448,769,3435
1234,711008018775851008,646,3104
1235,710997087345876993,1460,4724
1236,710844581445812225,726,2641
1237,710833117892898816,564,2790
1238,710658690886586372,591,2392
1239,710609963652087808,2482,4969
1240,710588934686908417,1970,4710
1241,710296729921429505,777,2455
1242,710283270106132480,542,2218
1243,710272297844797440,1319,4705
1244,710269109699739648,1185,2489
1245,710153181850935296,940,3015
1246,710140971284037632,933,2868
1247,710117014656950272,2101,5705
1248,709918798883774466,1120,3099
1249,709901256215666688,105,698
1250,709852847387627521,1259,3641
1251,709566166965075968,1267,3675
1252,709556954897764353,1116,3415
1253,709519240576036864,247,1542
1254,709449600415961088,609,2318
1255,709409458133323776,725,2712
1256,709225125749587968,601,2499
1257,709207347839836162,6157,13055
1258,709198395643068416,673,2513
1259,709179584944730112,703,2082
1260,709158332880297985,440,2117
1261,709042156699303936,1724,4937
1262,708853462201716736,691,1857
1263,708845821941387268,945,3095
1264,708834316713893888,531,1754
1265,708810915978854401,7311,17107
1266,708738143638450176,862,2846
1267,708711088997666817,758,2647
1268,708479650088034305,707,2645
1269,708469915515297792,863,3206
1270,708400866336894977,10668,16606
1271,708356463048204288,1400,3737
1272,708349470027751425,775,2435
1273,708149363256774660,1615,4437
1274,708130923141795840,880,3519
1275,708119489313951744,1028,2780
1276,708109389455101952,569,2001
1277,708026248782585858,2016,4525
1278,707995814724026368,1180,3252
1279,707983188426153984,2,51
1280,707969809498152960,1019,2807
1281,707776935007539200,997,3410
1282,707741517457260545,645,2592
1283,707738799544082433,2611,4252
1284,707693576495472641,1055,3567
1285,707629649552134146,928,2672
1286,707610948723478529,6747,17599
1287,707420581654872064,729,2361
1288,707411934438625280,624,2373
1289,707387676719185920,1364,3637
1290,707377100785885184,1138,3404
1291,707315916783140866,675,2569
1292,707297311098011648,831,2879
1293,707059547140169728,712,2681
1294,707038192327901184,834,2272
1295,707021089608753152,1440,4229
1296,707014260413456384,623,2392
1297,706904523814649856,8257,15143
1298,706901761596989440,629,2142
1299,706681918348251136,1019,3455
1300,706644897839910912,1155,2676
1301,706593038911545345,661,2235
1302,706538006853918722,1487,3592
1303,706516534877929472,1090,3216
1304,706346369204748288,969,3577
1305,706310011488698368,8414,22177
1306,706291001778950144,492,1765
1307,706265994973601792,970,2835
1308,706169069255446529,2344,4050
1309,706166467411222528,1693,5339
1310,706153300320784384,402,1541
1311,705975130514706432,772,3224
1312,705970349788291072,936,3255
1313,705898680587526145,585,2467
1314,705786532653883392,552,2019
1315,705591895322394625,1216,3294
1316,705475953783398401,968,3061
1317,705442520700944385,1729,4616
1318,705428427625635840,1774,3962
1319,705239209544720384,784,3110
1320,705223444686888960,848,2673
1321,705102439679201280,537,2238
1322,705066031337840642,635,2254
1323,704871453724954624,1170,4431
1324,704859558691414016,573,2338
1325,704847917308362754,1617,5297
1326,704819833553219584,1044,2740
1327,704761120771465216,3053,6883
1328,704499785726889984,1053,3041
1329,704491224099647488,84,793
1330,704480331685040129,1114,3527
1331,704364645503647744,3742,8326
1332,704347321748819968,364,1654
1333,704134088924532736,493,1565
1334,704113298707505153,594,1923
1335,704054845121142784,956,3033
1336,703774238772166656,489,1908
1337,703769065844768768,1200,3412
1338,703631701117943808,723,2698
1339,703611486317502464,1593,4009
1340,703425003149250560,1452,3941
1341,703407252292673536,733,2544
1342,703382836347330562,1192,3643
1343,703356393781329922,405,1988
1344,703268521220972544,571,2041
1345,703079050210877440,3270,7693
1346,703041949650034688,13229,27378
1347,702932127499816960,760,2694
1348,702899151802126337,478,1675
1349,702684942141153280,1140,3349
1350,702671118226825216,592,2286
1351,702598099714314240,3617,12659
1352,702539513671897089,1009,2987
1353,702332542343577600,1646,3316
1354,702321140488925184,1087,3409
1355,702276748847800320,806,2568
1356,702217446468493312,1407,4989
1357,701981390485725185,1048,3584
1358,701952816642965504,1078,3972
1359,701889187134500865,1452,3685
1360,701805642395348998,1783,3563
1361,701601587219795968,481,2170
1362,701570477911896070,983,2926
1363,701545186879471618,645,2761
1364,701214700881756160,5396,12681
1365,700890391244103680,606,2300
1366,700864154249383937,647,2688
1367,700847567345688576,528,2522
1368,700796979434098688,1009,2532
1369,700747788515020802,9862,23759
1370,700518061187723268,847,2741
1371,700505138482569216,599,2377
1372,700462010979500032,1898,4303
1373,700167517596164096,784,2745
1374,700151421916807169,700,2321
1375,700143752053182464,2889,7830
1376,700062718104104960,731,2754
1377,700029284593901568,615,2154
1378,700002074055016451,1416,3443
1379,699801817392291840,1011,3189
1380,699788877217865730,525,2322
1381,699779630832685056,1314,2874
1382,699775878809702401,639,2031
1383,699691744225525762,4851,10655
1384,699446877801091073,2753,6182
1385,699434518667751424,535,2250
1386,699423671849451520,349,1426
1387,699413908797464576,648,2153
1388,699370870310113280,460,1958
1389,699323444782047232,912,3288
1390,699088579889332224,665,2331
1391,699079609774645248,691,2549
1392,699072405256409088,1254,3130
1393,699060279947165696,1903,3928
1394,699036661657767936,1261,2711
1395,698989035503689728,1038,3505
1396,698953797952008193,956,2809
1397,698907974262222848,658,2641
1398,698710712454139905,719,2572
1399,698703483621523456,401,1510
1400,698635131305795584,358,1340
1401,698549713696649216,651,2418
1402,698355670425473025,478,1944
1403,698342080612007937,999,2350
1404,698262614669991936,2123,4936
1405,698195409219559425,6283,17430
1406,698178924120031232,786,2918
1407,697995514407682048,353,1590
1408,697990423684476929,1369,3418
1409,697943111201378304,724,2494
1410,697881462549430272,1258,3141
1411,697630435728322560,568,1821
1412,697616773278015490,1068,3283
1413,697596423848730625,1329,3154
1414,697575480820686848,524,2121
1415,697516214579523584,1191,2156
1416,697482927769255936,710,2515
1417,697463031882764288,1458,3542
1418,697270446429966336,1965,4859
1419,697259378236399616,1050,3423
1420,697255105972801536,1222,3144
1421,697242256848379904,703,2614
1422,696900204696625153,1078,3312
1423,696894894812565505,709,2430
1424,696886256886657024,1900,5039
1425,696877980375769088,746,2534
1426,696754882863349760,377,1539
1427,696744641916489729,987,2149
1428,696713835009417216,679,2465
1429,696518437233913856,1793,4051
1430,696490539101908992,152,1269
1431,696488710901260288,1085,2645
1432,696405997980676096,1204,3347
1433,696100768806522880,701,2015
1434,695816827381944320,1230,3129
1435,695794761660297217,820,3310
1436,695767669421768709,789,1947
1437,695629776980148225,2217,4750
1438,695446424020918272,1911,4553
1439,695409464418041856,3768,9000
1440,695314793360662529,1547,3781
1441,695095422348574720,649,2745
1442,695074328191332352,1170,2962
1443,695064344191721472,635,1673
1444,695051054296211456,831,2769
1445,694925794720792577,963,2805
1446,694905863685980160,981,2860
1447,694669722378485760,15262,37175
1448,694356675654983680,302,1569
1449,694352839993344000,656,2130
1450,694342028726001664,509,1637
1451,694329668942569472,526,2089
1452,694206574471057408,2140,4353
1453,694183373896572928,982,3068
1454,694001791655137281,1087,3536
1455,693993230313091072,427,1947
1456,693942351086120961,387,1803
1457,693647888581312512,625,2809
1458,693644216740769793,132,1397
1459,693642232151285760,434,2639
1460,693629975228977152,839,2553
1461,693622659251335168,389,1606
1462,693590843962331137,2086,5264
1463,693582294167244802,270,1712
1464,693486665285931008,667,1853
1465,693280720173801472,1305,3501
1466,693267061318012928,860,2485
1467,693262851218264065,527,2324
1468,693231807727280129,773,2985
1469,693155686491000832,3387,8191
1470,693109034023534592,648,1788
1471,693095443459342336,487,1952
1472,692919143163629568,789,2768
1473,692905862751522816,924,2540
1474,692901601640583168,635,1858
1475,692894228850999298,854,2371
1476,692828166163931137,926,3004
1477,692752401762250755,3832,7102
1478,692568918515392513,1621,4529
1479,692535307825213440,1435,3322
1480,692530551048294401,441,1921
1481,692423280028966913,241,1536
1482,692417313023332352,3673,9707
1483,692187005137076224,863,2631
1484,692158366030913536,836,2236
1485,692142790915014657,415,1714
1486,692041934689402880,1348,3539
1487,692017291282812928,1006,2985
1488,691820333922455552,1755,4106
1489,691793053716221953,4442,8441
1490,691756958957883396,1073,3010
1491,691675652215414786,531,2025
1492,691483041324204033,594,2475
1493,691459709405118465,1216,4218
1494,691444869282295808,890,2757
1495,691416866452082688,8080,20097
1496,691321916024623104,694,2676
1497,691096613310316544,933,3078
1498,691090071332753408,355,1784
1499,690989312272396288,3025,6136
1500,690959652130045952,1324,3736
1501,690938899477221376,2101,4288
1502,690932576555528194,1081,3415
1503,690735892932222976,1346,3941
1504,690728923253055490,544,2263
1505,690690673629138944,845,2418
1506,690649993829576704,293,1364
1507,690607260360429569,17,305
1508,690597161306841088,637,2045
1509,690400367696297985,477,1952
1510,690374419777196032,907,3399
1511,690360449368465409,944,2754
1512,690348396616552449,544,1572
1513,690248561355657216,434,1747
1514,690021994562220032,1095,2903
1515,690015576308211712,782,2614
1516,690005060500217858,1784,3819
1517,689999384604450816,395,1487
1518,689993469801164801,480,1522
1519,689977555533848577,471,1425
1520,689905486972461056,731,2526
1521,689877686181715968,1245,3153
1522,689835978131935233,796,2254
1523,689661964914655233,984,3334
1524,689659372465688576,4092,10778
1525,689623661272240129,678,2319
1526,689599056876867584,5849,12091
1527,689557536375177216,485,2132
1528,689517482558820352,1513,3540
1529,689289219123089408,995,2348
1530,689283819090870273,1163,3421
1531,689280876073582592,754,2075
1532,689275259254616065,260,1205
1533,689255633275777024,1142,2664
1534,689154315265683456,1058,3191
1535,689143371370250240,540,2106
1536,688916208532455424,921,2851
1537,688908934925697024,820,2202
1538,688898160958271489,835,2191
1539,688894073864884227,735,2332
1540,688828561667567616,393,1435
1541,688804835492233216,205,1005
1542,688789766343622656,699,2313
1543,688547210804498433,741,2720
1544,688519176466644993,777,2410
1545,688385280030670848,4706,9657
1546,688211956440801280,877,2323
1547,688179443353796608,619,2204
1548,688116655151435777,825,2948
1549,688064179421470721,381,1804
1550,687841446767013888,2675,5693
1551,687826841265172480,1191,2841
1552,687818504314159109,1007,2604
1553,687807801670897665,743,2498
1554,687732144991551489,697,1838
1555,687704180304273409,884,2541
1556,687664829264453632,538,2014
1557,687494652870668288,607,1985
1558,687480748861947905,254,1661
1559,687476254459715584,562,2060
1560,687460506001633280,573,2132
1561,687399393394311168,663,1967
1562,687317306314240000,9670,20912
1563,687312378585812992,2011,4537
1564,687127927494963200,2421,5678
1565,687124485711986689,532,2256
1566,687109925361856513,2609,6057
1567,687102708889812993,1044,2433
1568,687096057537363968,639,2341
1569,686947101016735744,3365,8963
1570,686760001961103360,1459,3664
1571,686749460672679938,1544,3616
1572,686730991906516992,1269,4319
1573,686683045143953408,850,2923
1574,686618349602762752,1443,3838
1575,686606069955735556,576,1975
1576,686394059078897668,717,1810
1577,686386521809772549,929,3388
1578,686377065986265092,595,2304
1579,686358356425093120,717,2287
1580,686286779679375361,1762,4159
1581,686050296934563840,769,2294
1582,686035780142297088,129,1204
1583,686034024800862208,1233,3239
1584,686007916130873345,448,2585
1585,686003207160610816,675,1898
1586,685973236358713344,555,2199
1587,685943807276412928,635,1691
1588,685906723014619143,3086,7826
1589,685681090388975616,134,2120
1590,685667379192414208,603,2441
1591,685663452032069632,1549,3389
1592,685641971164143616,828,3054
1593,685547936038666240,16619,34307
1594,685532292383666176,1223,3163
1595,685325112850124800,4218,9870
1596,685321586178670592,680,2757
1597,685315239903100929,1146,3482
1598,685307451701334016,465,2152
1599,685268753634967552,1273,3223
1600,685198997565345792,704,2431
1601,685169283572338688,1505,4263
1602,684969860808454144,399,2462
1603,684959798585110529,3319,7084
1604,684940049151070208,1104,3352
1605,684926975086034944,493,3639
1606,684914660081053696,1552,3657
1607,684902183876321280,562,1956
1608,684880619965411328,868,2185
1609,684830982659280897,22865,36434
1610,684800227459624960,1057,2829
1611,684594889858887680,3739,9285
1612,684588130326986752,1489,4277
1613,684567543613382656,1299,3135
1614,684538444857667585,1008,2749
1615,684481074559381504,1237,4041
1616,684460069371654144,589,2065
1617,684241637099323392,3511,8486
1618,684225744407494656,226,1287
1619,684222868335505415,1458,3986
1620,684200372118904832,1089,2251
1621,684195085588783105,550,1993
1622,684188786104872960,1245,3622
1623,684177701129875456,711,2101
1624,684147889187209216,1581,3099
1625,684122891630342144,500,2077
1626,684097758874210310,1523,4272
1627,683857920510050305,1183,3961
1628,683852578183077888,371,2011
1629,683849932751646720,1037,2725
1630,683834909291606017,1174,2729
1631,683828599284170753,1121,2916
1632,683773439333797890,1436,3484
1633,683742671509258241,3519,6765
1634,683515932363329536,3091,7653
1635,683498322573824003,1022,3298
1636,683481228088049664,1055,2747
1637,683462770029932544,710,2522
1638,683449695444799489,1705,4060
1639,683391852557561860,2521,7929
1640,683357973142474752,995,3053
1641,683142553609318400,1104,3005
1642,683111407806746624,962,3528
1643,683098815881154561,700,2255
1644,683078886620553216,597,2065
1645,683030066213818368,772,2234
1646,682962037429899265,17669,38444
1647,682808988178739200,191,1847
1648,682788441537560576,1184,2569
1649,682750546109968385,463,1586
1650,682697186228989953,380,1370
1651,682662431982772225,1147,3170
1652,682638830361513985,641,2140
1653,682429480204398592,1238,3575
1654,682406705142087680,1867,7895
1655,682393905736888321,726,2329
1656,682389078323662849,495,1733
1657,682303737705140231,1062,3198
1658,682259524040966145,1284,4335
1659,682242692827447297,1251,3395
1660,682088079302213632,10465,18994
1661,682059653698686977,1789,5153
1662,682047327939461121,1022,3336
1663,682032003584274432,2132,6843
1664,682003177596559360,1626,3281
1665,681981167097122816,1093,2908
1666,681891461017812993,871,2564
1667,681694085539872773,4297,13287
1668,681679526984871937,475,1839
1669,681654059175129088,983,2737
1670,681610798867845120,503,1990
1671,681579835668455424,1376,3692
1672,681523177663676416,6150,14897
1673,681340665377193984,295,1704
1674,681339448655802368,4305,9669
1675,681320187870711809,796,2758
1676,681302363064414209,1936,4100
1677,681297372102656000,1017,3335
1678,681281657291280384,1168,3343
1679,681261549936340994,290,1516
1680,681242418453299201,571,1559
1681,681231109724700672,513,2497
1682,681193455364796417,1571,3859
1683,680970795137544192,709,2523
1684,680959110691590145,2119,4736
1685,680940246314430465,1120,3348
1686,680934982542561280,466,2159
1687,680913438424612864,655,2492
1688,680889648562991104,385,1835
1689,680836378243002368,1407,3596
1690,680805554198020098,701,2243
1691,680801747103793152,873,2460
1692,680798457301471234,1104,2972
1693,680609293079592961,754,2740
1694,680583894916304897,1427,3767
1695,680497766108381184,2016,4396
1696,680494726643068929,510,1785
1697,680473011644985345,790,2649
1698,680440374763077632,535,1513
1699,680221482581123072,306,1517
1700,680206703334408192,1250,2949
1701,680191257256136705,532,2231
1702,680176173301628928,1659,4052
1703,680161097740095489,779,2410
1704,680145970311643136,1849,3754
1705,680130881361686529,1004,2368
1706,680115823365742593,958,2811
1707,680100725817409536,1445,3707
1708,680085611152338944,9468,13273
1709,680070545539371008,929,2679
1710,679877062409191424,684,2051
1711,679872969355714560,700,2262
1712,679862121895714818,656,2551
1713,679854723806179328,1304,2969
1714,679844490799091713,806,2459
1715,679828447187857408,14861,37605
1716,679777920601223168,1177,3201
1717,679736210798047232,839,2170
1718,679729593985699840,868,2248
1719,679722016581222400,495,1720
1720,679530280114372609,2196,4945
1721,679527802031484928,763,2744
1722,679511351870550016,1342,3502
1723,679503373272485890,1557,3254
1724,679475951516934144,673,2166
1725,679462823135686656,19909,32885
1726,679405845277462528,1269,2463
1727,679158373988876288,8561,22204
1728,679148763231985668,1090,2874
1729,679132435750195208,1225,3077
1730,679111216690831360,2702,6174
1731,679062614270468097,8676,17652
1732,679047485189439488,715,2329
1733,679001094530465792,1305,2927
1734,678991772295516161,1244,2406
1735,678969228704284672,487,1699
1736,678800283649069056,953,2666
1737,678798276842360832,1253,3595
1738,678774928607469569,968,2895
1739,678767140346941444,1441,3658
1740,678764513869611008,503,1694
1741,678755239630127104,3491,7391
1742,678740035362037760,1791,3890
1743,678708137298427904,2551,5759
1744,678675843183484930,1561,2973
1745,678643457146150913,446,2118
1746,678446151570427904,1651,4132
1747,678424312106393600,2677,5592
1748,678410210315247616,1923,4378
1749,678399652199309312,33460,81756
1750,678396796259975168,443,1644
1751,678389028614488064,441,1933
1752,678380236862578688,960,2524
1753,678341075375947776,566,1787
1754,678334497360859136,273,1345
1755,678278586130948096,6399,11832
1756,678255464182861824,393,1637
1757,678023323247357953,405,1991
1758,678021115718029313,6721,14180
1759,677961670166224897,1773,3531
1760,677918531514703872,432,1398
1761,677895101218201600,2220,4987
1762,677716515794329600,1015,3157
1763,677700003327029250,1524,3500
1764,677698403548192770,336,1266
1765,677687604918272002,892,2556
1766,677673981332312066,1574,3447
1767,677662372920729601,1024,2011
1768,677644091929329666,837,1921
1769,677573743309385728,761,2209
1770,677565715327688705,481,1332
1771,677557565589463040,1222,2511
1772,677547928504967168,3827,7142
1773,677530072887205888,238,1108
1774,677335745548390400,1875,3132
1775,677334615166730240,307,1394
1776,677331501395156992,246,1129
1777,677328882937298944,1574,3738
1778,677314812125323265,560,1689
1779,677301033169788928,430,1280
1780,677269281705472000,742,2053
1781,677228873407442944,1718,3644
1782,677187300187611136,970,2810
1783,676975532580409345,1124,2863
1784,676957860086095872,847,2276
1785,676949632774234114,419,1346
1786,676948236477857792,912,2236
1787,676946864479084545,394,1760
1788,676942428000112642,794,2132
1789,676936541936185344,5133,13067
1790,676916996760600576,1880,3054
1791,676897532954456065,756,2319
1792,676864501615042560,741,2157
1793,676821958043033607,16326,23704
1794,676819651066732545,695,1855
1795,676811746707918848,443,1453
1796,676776431406465024,2099,5143
1797,676617503762681856,1028,2977
1798,676613908052996102,205,1113
1799,676606785097199616,458,1929
1800,676603393314578432,402,1195
1801,676593408224403456,2256,4694
1802,676590572941893632,132,937
1803,676588346097852417,833,2386
1804,676582956622721024,291,1235
1805,676575501977128964,1168,2656
1806,676533798876651520,583,1926
1807,676496375194980353,558,1555
1808,676470639084101634,4873,11889
1809,676440007570247681,693,1761
1810,676430933382295552,360,1429
1811,676263575653122048,575,2130
1812,676237365392908289,306,1257
1813,676219687039057920,32408,77391
1814,676215927814406144,608,1785
1815,676191832485810177,1077,2333
1816,676146341966438401,691,1967
1817,676121918416756736,1207,2207
1818,676101918813499392,1211,2887
1819,676098748976615425,1499,3077
1820,676089483918516224,450,1347
1821,675898130735476737,596,1665
1822,675891555769696257,902,2179
1823,675888385639251968,1002,2430
1824,675878199931371520,1455,4266
1825,675870721063669760,598,1674
1826,675853064436391936,1351,2744
1827,675849018447167488,154,961
1828,675845657354215424,922,2331
1829,675822767435051008,557,1558
1830,675820929667219457,240,1073
1831,675798442703122432,3516,10469
1832,675781562965868544,492,1662
1833,675740360753160193,360,1195
1834,675710890956750848,853,1933
1835,675707330206547968,725,2023
1836,675706639471788032,102,656
1837,675534494439489536,434,1860
1838,675531475945709568,401,1208
1839,675522403582218240,296,1064
1840,675517828909424640,475,1326
1841,675501075957489664,6029,17479
1842,675497103322386432,1349,3198
1843,675489971617296384,622,1332
1844,675483430902214656,1010,1879
1845,675432746517426176,591,1558
1846,675372240448454658,528,1725
1847,675362609739206656,236,1067
1848,675354435921575936,17846,33437
1849,675349384339542016,2337,3987
1850,675334060156301312,1343,2832
1851,675166823650848770,1669,3683
1852,675153376133427200,2703,6402
1853,675149409102012420,1736,3809
1854,675147105808306176,249,961
1855,675146535592706048,325,1214
1856,675145476954566656,936,2172
1857,675135153782571009,510,1320
1858,675113801096802304,809,1983
1859,675111688094527488,261,984
1860,675109292475830276,1180,2846
1861,675047298674663426,340,1080
1862,675015141583413248,1243,2758
1863,675006312288268288,235,1005
1864,675003128568291329,489,1584
1865,674999807681908736,1137,2286
1866,674805413498527744,367,874
1867,674800520222154752,888,3064
1868,674793399141146624,1124,2547
1869,674790488185167872,258,1126
1870,674788554665512960,217,828
1871,674781762103414784,1248,2035
1872,674774481756377088,490,1141
1873,674767892831932416,817,1859
1874,674764817387900928,247,798
1875,674754018082705410,464,1381
1876,674752233200820224,481,1481
1877,674743008475090944,572,1429
1878,674742531037511680,53,497
1879,674739953134403584,406,1130
1880,674737130913071104,96,662
1881,674690135443775488,482,1166
1882,674670581682434048,673,1636
1883,674664755118911488,263,940
1884,674646392044941312,512,1456
1885,674644256330530816,277,1043
1886,674638615994089473,598,1711
1887,674632714662858753,598,1524
1888,674606911342424069,102,952
1889,674468880899788800,2118,6330
1890,674447403907457024,367,1084
1891,674436901579923456,406,1130
1892,674422304705744896,553,1455
1893,674416750885273600,145,691
1894,674410619106390016,481,1218
1895,674394782723014656,591,1520
1896,674372068062928900,322,856
1897,674330906434379776,76,571
1898,674318007229923329,529,1438
1899,674307341513269249,7172,11485
1900,674291837063053312,6059,14952
1901,674271431610523648,751,1589
1902,674269164442398721,232,915
1903,674265582246694913,876,1666
1904,674262580978937856,467,1324
1905,674255168825880576,572,1487
1906,674082852460433408,176,762
1907,674075285688614912,298,996
1908,674063288070742018,2269,6455
1909,674053186244734976,1335,3366
1910,674051556661161984,496,1464
1911,674045139690631169,655,1437
1912,674042553264685056,132,732
1913,674038233588723717,424,1116
1914,674036086168010753,218,855
1915,674024893172875264,1260,1801
1916,674019345211760640,309,1150
1917,674014384960745472,665,1581
1918,674008982932058114,365,1213
1919,673956914389192708,989,1970
1920,673919437611909120,377,1184
1921,673906403526995968,1660,3229
1922,673887867907739649,256,940
1923,673716320723169284,774,3119
1924,673715861853720576,2143,3582
1925,673711475735838725,303,1049
1926,673709992831262724,282,858
1927,673708611235921920,297,1091
1928,673707060090052608,403,1104
1929,673705679337693185,410,1270
1930,673700254269775872,589,1451
1931,673697980713705472,2005,3842
1932,673689733134946305,666,1752
1933,673688752737402881,505,1274
1934,673686845050527744,450,1451
1935,673680198160809984,479,1384
1936,673662677122719744,368,1268
1937,673656262056419329,248,724
1938,673636718965334016,368,1119
1939,673612854080196609,741,1608
1940,673583129559498752,373,1205
1941,673580926094458881,274,843
1942,673576835670777856,572,1397
1943,673363615379013632,311,1034
1944,673359818736984064,686,1467
1945,673355879178194945,591,1502
1946,673352124999274496,548,1669
1947,673350198937153538,218,753
1948,673345638550134785,1310,2544
1949,673343217010679808,278,981
1950,673342308415348736,599,1289
1951,673320132811366400,8127,13610
1952,673317986296586240,266,882
1953,673295268553605120,3241,7590
1954,673270968295534593,374,1071
1955,673240798075449344,750,1435
1956,673213039743795200,863,2275
1957,673148804208660480,644,1706
1958,672997845381865473,735,1984
1959,672995267319328768,306,967
1960,672988786805112832,299,993
1961,672984142909456390,554,1266
1962,672980819271634944,1027,1839
1963,672975131468300288,933,1698
1964,672970152493887488,365,956
1965,672968025906282496,557,1328
1966,672964561327235073,651,1430
1967,672902681409806336,516,1378
1968,672898206762672129,431,910
1969,672884426393653248,849,1560
1970,672877615439593473,376,1043
1971,672834301050937345,581,1323
1972,672828477930868736,504,1266
1973,672640509974827008,327,981
1974,672622327801233409,505,1311
1975,672614745925664768,598,1229
1976,672609152938721280,398,1122
1977,672604026190569472,405,1116
1978,672594978741354496,620,1339
1979,672591762242805761,342,956
1980,672591271085670400,187,732
1981,672538107540070400,373,1036
1982,672523490734551040,174,648
1983,672488522314567680,447,1123
1984,672482722825261057,613,1146
1985,672481316919734272,127,721
1986,672475084225949696,715,1443
1987,672466075045466113,551,1366
1988,672272411274932228,3461,6502
1989,672267570918129665,628,1516
1990,672264251789176834,344,1151
1991,672256522047614977,1584,2834
1992,672254177670729728,755,1437
1993,672248013293752320,623,1732
1994,672245253877968896,162,689
1995,672239279297454080,329,901
1996,672231046314901505,1038,1847
1997,672222792075620352,215,788
1998,672205392827572224,1175,2277
1999,672169685991993344,374,1028
2000,672160042234327040,365,879
2001,672139350159835138,725,1762
2002,672125275208069120,1162,2423
2003,672095186491711488,374,1009
2004,672082170312290304,374,946
2005,672068090318987265,525,1297
2006,671896809300709376,4241,8538
2007,671891728106971137,585,1344
2008,671882082306625538,1403,3494
2009,671879137494245376,694,1434
2010,671874878652489728,568,1253
2011,671866342182637568,508,1129
2012,671855973984772097,454,912
2013,671789708968640512,3551,7115
2014,671768281401958400,535,1198
2015,671763349865160704,945,1697
2016,671744970634719232,786,1359
2017,671743150407421952,236,746
2018,671735591348891648,768,1462
2019,671729906628341761,4428,8556
2020,671561002136281088,7358,12903
2021,671550332464455680,211,922
2022,671547767500775424,606,1361
2023,671544874165002241,1066,1993
2024,671542985629241344,574,1099
2025,671538301157904385,403,934
2026,671536543010570240,418,1186
2027,671533943490011136,590,1031
2028,671528761649688577,265,849
2029,671520732782923777,534,1411
2030,671518598289059840,296,959
2031,671511350426865664,738,1618
2032,671504605491109889,3605,7072
2033,671497587707535361,453,925
2034,671488513339211776,479,1018
2035,671486386088865792,208,581
2036,671485057807351808,235,763
2037,671390180817915904,745,1431
2038,671362598324076544,298,1118
2039,671357843010908160,150,401
2040,671355857343524864,116,485
2041,671347597085433856,437,964
2042,671186162933985280,216,738
2043,671182547775299584,351,1129
2044,671166507850801152,358,881
2045,671163268581498880,1129,1673
2046,671159727754231808,84,377
2047,671154572044468225,223,719
2048,671151324042559489,158,673
2049,671147085991960577,230,677
2050,671141549288370177,667,1170
2051,671138694582165504,412,929
2052,671134062904504320,199,754
2053,671122204919246848,2561,3509
2054,671115716440031232,790,1373
2055,671109016219725825,449,1154
2056,670995969505435648,298,1109
2057,670842764863651840,8880,24763
2058,670840546554966016,197,595
2059,670838202509447168,707,1121
2060,670833812859932673,128,451
2061,670832455012716544,224,739
2062,670826280409919488,4133,5588
2063,670823764196741120,197,784
2064,670822709593571328,99,618
2065,670815497391357952,1563,3200
2066,670811965569282048,275,1140
2067,670807719151067136,500,1167
2068,670804601705242624,977,1981
2069,670803562457407488,88,347
2070,670797304698376195,242,739
2071,670792680469889025,285,835
2072,670789397210615808,245,667
2073,670786190031921152,205,608
2074,670783437142401025,402,827
2075,670782429121134593,785,1577
2076,670780561024270336,293,791
2077,670778058496974848,74,329
2078,670764103623966721,429,1081
2079,670755717859713024,112,444
2080,670733412878163972,522,973
2081,670727704916926465,366,833
2082,670717338665226240,504,1218
2083,670704688707301377,376,775
2084,670691627984359425,248,595
2085,670679630144274432,288,751
2086,670676092097810432,44,251
2087,670668383499735048,5127,10774
2088,670474236058800128,774,1533
2089,670468609693655041,86,355
2090,670465786746662913,561,978
2091,670452855871037440,208,553
2092,670449342516494336,676,1201
2093,670444955656130560,2015,6774
2094,670442337873600512,202,647
2095,670435821946826752,525,1061
2096,670434127938719744,658,1410
2097,670433248821026816,114,330
2098,670428280563085312,637,1392
2099,670427002554466305,166,522
2100,670421925039075328,643,1311
2101,670420569653809152,321,629
2102,670417414769758208,322,570
2103,670411370698022913,915,2033
2104,670408998013820928,229,558
2105,670403879788544000,160,436
2106,670385711116361728,213,563
2107,670374371102445568,275,748
2108,670361874861563904,69,330
2109,670338931251150849,113,423
2110,670319130621435904,1242,3884
2111,670303360680108032,139,431
2112,670290420111441920,292,710
2113,670093938074779648,339,1030
2114,670086499208155136,257,703
2115,670079681849372674,1259,2229
2116,670073503555706880,804,1583
2117,670069087419133954,245,630
2118,670061506722140161,347,770
2119,670055038660800512,337,674
2120,670046952931721218,180,648
2121,670040295598354432,114,761
2122,670037189829525505,281,592
2123,670003130994700288,94,334
2124,669993076832759809,86,327
2125,669972011175813120,162,448
2126,669970042633789440,62,302
2127,669942763794931712,168,507
2128,669926384437997569,106,373
2129,669923323644657664,58,234
2130,669753178989142016,407,821
2131,669749430875258880,65,269
2132,669684865554620416,90,519
2133,669683899023405056,112,391
2134,669682095984410625,136,351
2135,669680153564442624,295,670
2136,669661792646373376,447,806
2137,669625907762618368,1842,3549
2138,669603084620980224,367,953
2139,669597912108789760,152,513
2140,669583744538451968,940,1502
2141,669573570759163904,143,437
2142,669571471778410496,1035,1603
2143,669567591774625800,56,236
2144,669564461267722241,127,388
2145,669393256313184256,78,369
2146,669375718304980992,742,1340
2147,669371483794317312,184,498
2148,669367896104181761,160,469
2149,669363888236994561,231,624
2150,669359674819481600,127,371
2151,669354382627049472,1293,2728
2152,669353438988365824,266,649
2153,669351434509529089,190,440
2154,669328503091937280,424,1024
2155,669327207240699904,118,579
2156,669324657376567296,213,501
2157,669216679721873412,409,1198
2158,669214165781868544,169,441
2159,669203728096960512,486,1007
2160,669037058363662336,319,659
2161,669015743032369152,381,742
2162,669006782128353280,253,581
2163,669000397445533696,6471,21040
2164,668994913074286592,235,443
2165,668992363537309700,355,748
2166,668989615043424256,334,685
2167,668988183816871936,478,901
2168,668986018524233728,172,557
2169,668981893510119424,314,543
2170,668979806671884288,354,804
2171,668975677807423489,588,1311
2172,668967877119254528,24,145
2173,668960084974809088,243,707
2174,668955713004314625,72,283
2175,668932921458302977,59,267
2176,668902994700836864,102,321
2177,668892474547511297,154,397
2178,668872652652679168,304,532
2179,668852170888998912,170,456
2180,668826086256599040,140,436
2181,668815180734689280,275,578
2182,668779399630725120,377,707
2183,668655139528511488,222,536
2184,668645506898350081,541,894
2185,668643542311546881,541,886
2186,668641109086707712,548,1083
2187,668636665813057536,497,1048
2188,668633411083464705,1677,2829
2189,668631377374486528,323,723
2190,668627278264475648,118,321
2191,668625577880875008,137,390
2192,668623201287675904,784,1437
2193,668620235289837568,43,204
2194,668614819948453888,318,616
2195,668587383441514497,1096,1676
2196,668567822092664832,57,247
2197,668544745690562560,231,519
2198,668542336805281792,219,460
2199,668537837512433665,77,252
2200,668528771708952576,232,463
2201,668507509523615744,109,329
2202,668496999348633600,135,418
2203,668484198282485761,239,431
2204,668480044826800133,150,462
2205,668466899341221888,525,889
2206,668297328638447616,300,622
2207,668291999406125056,32,245
2208,668286279830867968,138,506
2209,668274247790391296,232,827
2210,668268907921326080,240,556
2211,668256321989451776,627,1317
2212,668248472370458624,498,999
2213,668237644992782336,2891,6235
2214,668226093875376128,105,300
2215,668221241640230912,200,514
2216,668204964695683073,197,555
2217,668190681446379520,199,657
2218,668171859951755264,198,494
2219,668154635664932864,321,500
2220,668142349051129856,286,570
2221,668113020489474048,245,671
2222,667937095915278337,799,1267
2223,667924896115245057,113,302
2224,667915453470232577,56,209
2225,667911425562669056,308,493
2226,667902449697558528,381,853
2227,667886921285246976,1108,1897
2228,667885044254572545,495,818
2229,667878741721415682,121,393
2230,667873844930215936,411,628
2231,667866724293877760,1041,3008
2232,667861340749471744,78,242
2233,667832474953625600,63,291
2234,667806454573760512,497,1051
2235,667801013445750784,97,329
2236,667793409583771648,334,699
2237,667782464991965184,246,407
2238,667773195014021121,57,236
2239,667766675769573376,217,441
2240,667728196545200128,152,378
2241,667724302356258817,322,481
2242,667550904950915073,35,0
2243,667550882905632768,33,0
2244,667549055577362432,2303,5795
2245,667546741521195010,125,335
2246,667544320556335104,529,865
2247,667538891197542400,65,202
2248,667534815156183040,543,815
2249,667530908589760512,239,466
2250,667524857454854144,1114,1695
2251,667517642048163840,193,366
2252,667509364010450944,2141,6771
2253,667502640335572993,220,531
2254,667495797102141441,272,517
2255,667491009379606528,228,530
2256,667470559035432960,100,255
2257,667455448082227200,60,190
2258,667453023279554560,91,309
2259,667443425659232256,580,777
2260,667437278097252352,238,447
2261,667435689202614272,83,303
2262,667405339315146752,220,463
2263,667393430834667520,55,193
2264,667369227918143488,164,364
2265,667211855547486208,242,491
2266,667200525029539841,260,610
2267,667192066997374976,108,384
2268,667188689915760640,413,741
2269,667182792070062081,6211,14286
2270,667177989038297088,55,191
2271,667176164155375616,464,609
2272,667174963120574464,82,241
2273,667171260800061440,89,221
2274,667165590075940865,1139,2671
2275,667160273090932737,62,255
2276,667152164079423490,17079,47547
2277,667138269671505920,2203,4581
2278,667119796878725120,127,327
2279,667090893657276420,126,330
2280,667073648344346624,121,398
2281,667070482143944705,14,82
2282,667065535570550784,46,165
2283,667062181243039745,54,216
2284,667044094246576128,51,183
2285,667012601033924608,222,443
2286,666996132027977728,94,244
2287,666983947667116034,979,2532
2288,666837028449972224,551,808
2289,666835007768551424,80,212
2290,666826780179869698,97,252
2291,666817836334096384,249,514
2292,666804364988780544,92,237
2293,666786068205871104,484,751
2294,666781792255496192,192,381
2295,666776908487630848,174,348
2296,666739327293083650,65,233
2297,666701168228331520,217,425
2298,666691418707132416,47,186
2299,666649482315059201,618,1108
2300,666644823164719104,79,229
2301,666454714377183233,207,512
2302,666447344410484738,20,102
2303,666437273139982337,47,122
2304,666435652385423360,53,163
2305,666430724426358785,194,311
2306,666428276349472768,82,163
2307,666421158376562688,111,311
2308,666418789513326592,45,122
2309,666411507551481857,321,431
2310,666407126856765440,40,105
2311,666396247373291520,83,161
2312,666373753744588802,88,183
2313,666362758909284353,559,756
2314,666353288456101888,71,215
2315,666345417576210432,132,284
2316,666337882303524864,88,192
2317,666293911632134144,343,488
2318,666287406224695296,63,142
2319,666273097616637952,76,170
2320,666268910803644416,35,100
2321,666104133288665088,6362,13998
2322,666102155909144576,11,77
2323,666099513787052032,66,150
2324,666094000022159362,72,160
2325,666082916733198337,44,113
2326,666073100786774016,158,314
2327,666071193221509120,58,142
2328,666063827256086533,213,464
2329,666058600524156928,57,109
2330,666057090499244032,138,289
2331,666055525042405380,235,428
2332,666051853826850816,829,1195
2333,666050758794694657,57,130
2334,666049248165822465,42,105
2335,666044226329800704,136,290
2336,666033412701032449,43,122
2337,666029285002620928,46,125
2338,666020888022790149,498,2523
